-- phpMyAdmin SQL Dump
-- version 4.8.0
-- https://www.phpmyadmin.net/
--
-- Host: 127.0.0.1
-- Generation Time: Oct 04, 2019 at 07:55 AM
-- Server version: 10.1.31-MariaDB
-- PHP Version: 7.2.4

SET SQL_MODE = "NO_AUTO_VALUE_ON_ZERO";
SET AUTOCOMMIT = 0;
START TRANSACTION;
SET time_zone = "+00:00";


/*!40101 SET @OLD_CHARACTER_SET_CLIENT=@@CHARACTER_SET_CLIENT */;
/*!40101 SET @OLD_CHARACTER_SET_RESULTS=@@CHARACTER_SET_RESULTS */;
/*!40101 SET @OLD_COLLATION_CONNECTION=@@COLLATION_CONNECTION */;
/*!40101 SET NAMES utf8mb4 */;

--
-- Database: `thub_office`
--

-- --------------------------------------------------------

--
-- Table structure for table `country_tbl`
--

CREATE TABLE `country_tbl` (
  `id` int(11) NOT NULL,
  `country_code` varchar(2) NOT NULL DEFAULT '',
  `country_name` varchar(100) NOT NULL DEFAULT ''
) ENGINE=MyISAM DEFAULT CHARSET=utf8;

--
-- Dumping data for table `country_tbl`
--

INSERT INTO `country_tbl` (`id`, `country_code`, `country_name`) VALUES
(1, 'AF', 'Afghanistan'),
(2, 'AL', 'Albania'),
(3, 'DZ', 'Algeria'),
(4, 'DS', 'American Samoa'),
(5, 'AD', 'Andorra'),
(6, 'AO', 'Angola'),
(7, 'AI', 'Anguilla'),
(8, 'AQ', 'Antarctica'),
(9, 'AG', 'Antigua and Barbuda'),
(10, 'AR', 'Argentina'),
(11, 'AM', 'Armenia'),
(12, 'AW', 'Aruba'),
(13, 'AU', 'Australia'),
(14, 'AT', 'Austria'),
(15, 'AZ', 'Azerbaijan'),
(16, 'BS', 'Bahamas'),
(17, 'BH', 'Bahrain'),
(18, 'BD', 'Bangladesh'),
(19, 'BB', 'Barbados'),
(20, 'BY', 'Belarus'),
(21, 'BE', 'Belgium'),
(22, 'BZ', 'Belize'),
(23, 'BJ', 'Benin'),
(24, 'BM', 'Bermuda'),
(25, 'BT', 'Bhutan'),
(26, 'BO', 'Bolivia'),
(27, 'BA', 'Bosnia and Herzegovina'),
(28, 'BW', 'Botswana'),
(29, 'BV', 'Bouvet Island'),
(30, 'BR', 'Brazil'),
(31, 'IO', 'British Indian Ocean Territory'),
(32, 'BN', 'Brunei Darussalam'),
(33, 'BG', 'Bulgaria'),
(34, 'BF', 'Burkina Faso'),
(35, 'BI', 'Burundi'),
(36, 'KH', 'Cambodia'),
(37, 'CM', 'Cameroon'),
(38, 'CA', 'Canada'),
(39, 'CV', 'Cape Verde'),
(40, 'KY', 'Cayman Islands'),
(41, 'CF', 'Central African Republic'),
(42, 'TD', 'Chad'),
(43, 'CL', 'Chile'),
(44, 'CN', 'China'),
(45, 'CX', 'Christmas Island'),
(46, 'CC', 'Cocos (Keeling) Islands'),
(47, 'CO', 'Colombia'),
(48, 'KM', 'Comoros'),
(49, 'CD', 'Democratic Republic of the Congo'),
(50, 'CG', 'Republic of Congo'),
(51, 'CK', 'Cook Islands'),
(52, 'CR', 'Costa Rica'),
(53, 'HR', 'Croatia (Hrvatska)'),
(54, 'CU', 'Cuba'),
(55, 'CY', 'Cyprus'),
(56, 'CZ', 'Czech Republic'),
(57, 'DK', 'Denmark'),
(58, 'DJ', 'Djibouti'),
(59, 'DM', 'Dominica'),
(60, 'DO', 'Dominican Republic'),
(61, 'TP', 'East Timor'),
(62, 'EC', 'Ecuador'),
(63, 'EG', 'Egypt'),
(64, 'SV', 'El Salvador'),
(65, 'GQ', 'Equatorial Guinea'),
(66, 'ER', 'Eritrea'),
(67, 'EE', 'Estonia'),
(68, 'ET', 'Ethiopia'),
(69, 'FK', 'Falkland Islands (Malvinas)'),
(70, 'FO', 'Faroe Islands'),
(71, 'FJ', 'Fiji'),
(72, 'FI', 'Finland'),
(73, 'FR', 'France'),
(74, 'FX', 'France, Metropolitan'),
(75, 'GF', 'French Guiana'),
(76, 'PF', 'French Polynesia'),
(77, 'TF', 'French Southern Territories'),
(78, 'GA', 'Gabon'),
(79, 'GM', 'Gambia'),
(80, 'GE', 'Georgia'),
(81, 'DE', 'Germany'),
(82, 'GH', 'Ghana'),
(83, 'GI', 'Gibraltar'),
(84, 'GK', 'Guernsey'),
(85, 'GR', 'Greece'),
(86, 'GL', 'Greenland'),
(87, 'GD', 'Grenada'),
(88, 'GP', 'Guadeloupe'),
(89, 'GU', 'Guam'),
(90, 'GT', 'Guatemala'),
(91, 'GN', 'Guinea'),
(92, 'GW', 'Guinea-Bissau'),
(93, 'GY', 'Guyana'),
(94, 'HT', 'Haiti'),
(95, 'HM', 'Heard and Mc Donald Islands'),
(96, 'HN', 'Honduras'),
(97, 'HK', 'Hong Kong'),
(98, 'HU', 'Hungary'),
(99, 'IS', 'Iceland'),
(100, 'IN', 'India'),
(101, 'IM', 'Isle of Man'),
(102, 'ID', 'Indonesia'),
(103, 'IR', 'Iran (Islamic Republic of)'),
(104, 'IQ', 'Iraq'),
(105, 'IE', 'Ireland'),
(106, 'IL', 'Israel'),
(107, 'IT', 'Italy'),
(108, 'CI', 'Ivory Coast'),
(109, 'JE', 'Jersey'),
(110, 'JM', 'Jamaica'),
(111, 'JP', 'Japan'),
(112, 'JO', 'Jordan'),
(113, 'KZ', 'Kazakhstan'),
(114, 'KE', 'Kenya'),
(115, 'KI', 'Kiribati'),
(116, 'KP', 'Korea, Democratic People\'s Republic of'),
(117, 'KR', 'Korea, Republic of'),
(118, 'XK', 'Kosovo'),
(119, 'KW', 'Kuwait'),
(120, 'KG', 'Kyrgyzstan'),
(121, 'LA', 'Lao People\'s Democratic Republic'),
(122, 'LV', 'Latvia'),
(123, 'LB', 'Lebanon'),
(124, 'LS', 'Lesotho'),
(125, 'LR', 'Liberia'),
(126, 'LY', 'Libyan Arab Jamahiriya'),
(127, 'LI', 'Liechtenstein'),
(128, 'LT', 'Lithuania'),
(129, 'LU', 'Luxembourg'),
(130, 'MO', 'Macau'),
(131, 'MK', 'North Macedonia'),
(132, 'MG', 'Madagascar'),
(133, 'MW', 'Malawi'),
(134, 'MY', 'Malaysia'),
(135, 'MV', 'Maldives'),
(136, 'ML', 'Mali'),
(137, 'MT', 'Malta'),
(138, 'MH', 'Marshall Islands'),
(139, 'MQ', 'Martinique'),
(140, 'MR', 'Mauritania'),
(141, 'MU', 'Mauritius'),
(142, 'TY', 'Mayotte'),
(143, 'MX', 'Mexico'),
(144, 'FM', 'Micronesia, Federated States of'),
(145, 'MD', 'Moldova, Republic of'),
(146, 'MC', 'Monaco'),
(147, 'MN', 'Mongolia'),
(148, 'ME', 'Montenegro'),
(149, 'MS', 'Montserrat'),
(150, 'MA', 'Morocco'),
(151, 'MZ', 'Mozambique'),
(152, 'MM', 'Myanmar'),
(153, 'NA', 'Namibia'),
(154, 'NR', 'Nauru'),
(155, 'NP', 'Nepal'),
(156, 'NL', 'Netherlands'),
(157, 'AN', 'Netherlands Antilles'),
(158, 'NC', 'New Caledonia'),
(159, 'NZ', 'New Zealand'),
(160, 'NI', 'Nicaragua'),
(161, 'NE', 'Niger'),
(162, 'NG', 'Nigeria'),
(163, 'NU', 'Niue'),
(164, 'NF', 'Norfolk Island'),
(165, 'MP', 'Northern Mariana Islands'),
(166, 'NO', 'Norway'),
(167, 'OM', 'Oman'),
(168, 'PK', 'Pakistan'),
(169, 'PW', 'Palau'),
(170, 'PS', 'Palestine'),
(171, 'PA', 'Panama'),
(172, 'PG', 'Papua New Guinea'),
(173, 'PY', 'Paraguay'),
(174, 'PE', 'Peru'),
(175, 'PH', 'Philippines'),
(176, 'PN', 'Pitcairn'),
(177, 'PL', 'Poland'),
(178, 'PT', 'Portugal'),
(179, 'PR', 'Puerto Rico'),
(180, 'QA', 'Qatar'),
(181, 'RE', 'Reunion'),
(182, 'RO', 'Romania'),
(183, 'RU', 'Russian Federation'),
(184, 'RW', 'Rwanda'),
(185, 'KN', 'Saint Kitts and Nevis'),
(186, 'LC', 'Saint Lucia'),
(187, 'VC', 'Saint Vincent and the Grenadines'),
(188, 'WS', 'Samoa'),
(189, 'SM', 'San Marino'),
(190, 'ST', 'Sao Tome and Principe'),
(191, 'SA', 'Saudi Arabia'),
(192, 'SN', 'Senegal'),
(193, 'RS', 'Serbia'),
(194, 'SC', 'Seychelles'),
(195, 'SL', 'Sierra Leone'),
(196, 'SG', 'Singapore'),
(197, 'SK', 'Slovakia'),
(198, 'SI', 'Slovenia'),
(199, 'SB', 'Solomon Islands'),
(200, 'SO', 'Somalia'),
(201, 'ZA', 'South Africa'),
(202, 'GS', 'South Georgia South Sandwich Islands'),
(203, 'SS', 'South Sudan'),
(204, 'ES', 'Spain'),
(205, 'LK', 'Sri Lanka'),
(206, 'SH', 'St. Helena'),
(207, 'PM', 'St. Pierre and Miquelon'),
(208, 'SD', 'Sudan'),
(209, 'SR', 'Suriname'),
(210, 'SJ', 'Svalbard and Jan Mayen Islands'),
(211, 'SZ', 'Swaziland'),
(212, 'SE', 'Sweden'),
(213, 'CH', 'Switzerland'),
(214, 'SY', 'Syrian Arab Republic'),
(215, 'TW', 'Taiwan'),
(216, 'TJ', 'Tajikistan'),
(217, 'TZ', 'Tanzania, United Republic of'),
(218, 'TH', 'Thailand'),
(219, 'TG', 'Togo'),
(220, 'TK', 'Tokelau'),
(221, 'TO', 'Tonga'),
(222, 'TT', 'Trinidad and Tobago'),
(223, 'TN', 'Tunisia'),
(224, 'TR', 'Turkey'),
(225, 'TM', 'Turkmenistan'),
(226, 'TC', 'Turks and Caicos Islands'),
(227, 'TV', 'Tuvalu'),
(228, 'UG', 'Uganda'),
(229, 'UA', 'Ukraine'),
(230, 'AE', 'United Arab Emirates'),
(231, 'GB', 'United Kingdom'),
(232, 'US', 'United States'),
(233, 'UM', 'United States minor outlying islands'),
(234, 'UY', 'Uruguay'),
(235, 'UZ', 'Uzbekistan'),
(236, 'VU', 'Vanuatu'),
(237, 'VA', 'Vatican City State'),
(238, 'VE', 'Venezuela'),
(239, 'VN', 'Vietnam'),
(240, 'VG', 'Virgin Islands (British)'),
(241, 'VI', 'Virgin Islands (U.S.)'),
(242, 'WF', 'Wallis and Futuna Islands'),
(243, 'EH', 'Western Sahara'),
(244, 'YE', 'Yemen'),
(245, 'ZM', 'Zambia'),
(246, 'ZW', 'Zimbabwe');

-- --------------------------------------------------------

--
-- Table structure for table `department_tbl`
--

CREATE TABLE `department_tbl` (
  `id` int(11) NOT NULL,
  `department_name` varchar(100) NOT NULL,
  `added_on` timestamp NOT NULL DEFAULT CURRENT_TIMESTAMP ON UPDATE CURRENT_TIMESTAMP
) ENGINE=InnoDB DEFAULT CHARSET=latin1;

--
-- Dumping data for table `department_tbl`
--

INSERT INTO `department_tbl` (`id`, `department_name`, `added_on`) VALUES
(1, 'HR', '2019-10-04 05:25:01'),
(2, 'Development', '2019-10-04 05:25:09'),
(3, 'Designing', '2019-10-04 05:25:15');

-- --------------------------------------------------------

--
-- Table structure for table `leave_tbl`
--

CREATE TABLE `leave_tbl` (
  `id` int(11) NOT NULL,
  `staff_id` int(11) NOT NULL,
  `leave_reason` varchar(90) NOT NULL,
  `description` text NOT NULL,
  `status` int(11) NOT NULL DEFAULT '0',
  `leave_from` date NOT NULL,
  `leave_to` date NOT NULL,
  `updated_on` date NOT NULL,
  `applied_on` date NOT NULL
) ENGINE=InnoDB DEFAULT CHARSET=latin1;

--
-- Dumping data for table `leave_tbl`
--

INSERT INTO `leave_tbl` (`id`, `staff_id`, `leave_reason`, `description`, `status`, `leave_from`, `leave_to`, `updated_on`, `applied_on`) VALUES
(1, 2, 'Headache', 'Headache', 1, '2019-10-07', '2019-10-09', '0000-00-00', '2019-10-04');

-- --------------------------------------------------------

--
-- Table structure for table `login_tbl`
--

CREATE TABLE `login_tbl` (
  `id` int(11) NOT NULL,
  `username` varchar(80) NOT NULL,
  `password` varchar(80) NOT NULL,
  `usertype` int(11) NOT NULL,
  `status` int(11) NOT NULL DEFAULT '1'
) ENGINE=InnoDB DEFAULT CHARSET=latin1;

--
-- Dumping data for table `login_tbl`
--

INSERT INTO `login_tbl` (`id`, `username`, `password`, `usertype`, `status`) VALUES
(1, 'admin', 'admin', 1, 1),
(2, 'johnpeter@gmail.com', '8111926101', 2, 1),
(3, 'peter@gmail.com', '9876553355', 2, 1),
(4, 'jasmina@gmail.com', '8956112832', 2, 1);

-- --------------------------------------------------------

--
-- Table structure for table `salary_tbl`
--

CREATE TABLE `salary_tbl` (
  `id` int(11) NOT NULL,
  `staff_id` int(11) NOT NULL,
  `basic_salary` bigint(20) NOT NULL,
  `allowance` bigint(20) NOT NULL,
  `total` bigint(20) NOT NULL,
  `added_by` int(11) NOT NULL,
  `updated_on` date NOT NULL,
  `added_on` timestamp NOT NULL DEFAULT CURRENT_TIMESTAMP ON UPDATE CURRENT_TIMESTAMP
) ENGINE=InnoDB DEFAULT CHARSET=latin1;

--
-- Dumping data for table `salary_tbl`
--

INSERT INTO `salary_tbl` (`id`, `staff_id`, `basic_salary`, `allowance`, `total`, `added_by`, `updated_on`, `added_on`) VALUES
(1, 2, 20000, 0, 20000, 1, '0000-00-00', '2019-10-04 05:33:29'),
(2, 3, 18000, 0, 18000, 1, '0000-00-00', '2019-10-04 05:34:01'),
(3, 4, 15000, 2500, 17500, 1, '0000-00-00', '2019-10-04 05:34:14');

-- --------------------------------------------------------

--
-- Table structure for table `staff_tbl`
--

CREATE TABLE `staff_tbl` (
  `id` int(11) NOT NULL,
  `staff_name` varchar(150) NOT NULL,
  `gender` varchar(10) NOT NULL,
  `email` varchar(150) NOT NULL,
  `mobile` bigint(20) NOT NULL,
  `dob` date NOT NULL,
  `doj` date NOT NULL,
  `address` text,
  `city` varchar(100) NOT NULL,
  `state` varchar(100) NOT NULL,
  `country` varchar(50) NOT NULL,
  `department_id` int(11) NOT NULL,
  `pic` varchar(150) NOT NULL DEFAULT 'default-pic.jpg',
  `added_by` int(11) NOT NULL,
  `updated_on` date NOT NULL,
  `added_on` timestamp NOT NULL DEFAULT CURRENT_TIMESTAMP ON UPDATE CURRENT_TIMESTAMP
) ENGINE=InnoDB DEFAULT CHARSET=latin1;

--
-- Dumping data for table `staff_tbl`
--

INSERT INTO `staff_tbl` (`id`, `staff_name`, `gender`, `email`, `mobile`, `dob`, `doj`, `address`, `city`, `state`, `country`, `department_id`, `pic`, `added_by`, `updated_on`, `added_on`) VALUES
(2, 'John', 'Male', 'johnpeter@gmail.com', 8111926101, '2005-09-27', '2019-10-23', '', 'Texas', 'Kerala', 'United States', 1, 'default-pic.jpg', 1, '0000-00-00', '2019-10-04 05:26:04'),
(3, 'Peter', 'Male', 'peter@gmail.com', 9876553355, '2019-10-14', '2019-10-21', '', 'Malappuram', 'Kerala', 'India', 2, 'code-wallpaper-8.jpg', 1, '0000-00-00', '2019-10-04 05:31:33'),
(4, 'Jasmina', 'Female', 'jasmina@gmail.com', 8956112832, '1994-08-01', '2019-10-10', '', 'Malappuram', 'Kerala', 'India', 3, 'icons8-user-100.png', 1, '0000-00-00', '2019-10-04 05:32:59');

--
-- Indexes for dumped tables
--

--
-- Indexes for table `country_tbl`
--
ALTER TABLE `country_tbl`
  ADD PRIMARY KEY (`id`);

--
-- Indexes for table `department_tbl`
--
ALTER TABLE `department_tbl`
  ADD PRIMARY KEY (`id`);

--
-- Indexes for table `leave_tbl`
--
ALTER TABLE `leave_tbl`
  ADD PRIMARY KEY (`id`);

--
-- Indexes for table `login_tbl`
--
ALTER TABLE `login_tbl`
  ADD PRIMARY KEY (`id`);

--
-- Indexes for table `salary_tbl`
--
ALTER TABLE `salary_tbl`
  ADD PRIMARY KEY (`id`);

--
-- Indexes for table `staff_tbl`
--
ALTER TABLE `staff_tbl`
  ADD PRIMARY KEY (`id`);

--
-- AUTO_INCREMENT for dumped tables
--

--
-- AUTO_INCREMENT for table `country_tbl`
--
ALTER TABLE `country_tbl`
  MODIFY `id` int(11) NOT NULL AUTO_INCREMENT, AUTO_INCREMENT=247;

--
-- AUTO_INCREMENT for table `department_tbl`
--
ALTER TABLE `department_tbl`
  MODIFY `id` int(11) NOT NULL AUTO_INCREMENT, AUTO_INCREMENT=4;

--
-- AUTO_INCREMENT for table `leave_tbl`
--
ALTER TABLE `leave_tbl`
  MODIFY `id` int(11) NOT NULL AUTO_INCREMENT, AUTO_INCREMENT=2;

--
-- AUTO_INCREMENT for table `login_tbl`
--
ALTER TABLE `login_tbl`
  MODIFY `id` int(11) NOT NULL AUTO_INCREMENT, AUTO_INCREMENT=5;

--
-- AUTO_INCREMENT for table `salary_tbl`
--
ALTER TABLE `salary_tbl`
  MODIFY `id` int(11) NOT NULL AUTO_INCREMENT, AUTO_INCREMENT=4;

--
-- AUTO_INCREMENT for table `staff_tbl`
--
ALTER TABLE `staff_tbl`
  MODIFY `id` int(11) NOT NULL AUTO_INCREMENT, AUTO_INCREMENT=5;
COMMIT;

/*!40101 SET CHARACTER_SET_CLIENT=@OLD_CHARACTER_SET_CLIENT */;
/*!40101 SET CHARACTER_SET_RESULTS=@OLD_CHARACTER_SET_RESULTS */;
/*!40101 SET COLLATION_CONNECTION=@OLD_COLLATION_CONNECTION */;
